sample,cpu_usage,active_workers
0,10,1
1,10,1
2,20,2
3,20,2
4,55,3
5,55,3
6,90,4
7,90,4
8,100,5
9,100,5
10,100,5
11,100,5
12,100,5
13,100,5
14,100,5
15,100,5
16,100,5
17,100,5
18,100,5
19,100,5
20,100,5
21,100,5
22,100,5
23,100,5
24,95,7
25,95,7
26,70,7
27,70,7
28,95,7
29,95,7
30,95,7
31,95,7
32,95,7
33,95,7
34,95,7
35,95,7
36,95,7
37,95,7
38,95,7
39,95,7
40,95,7
41,95,7
42,95,7
43,95,7
44,85,6
45,85,6
46,75,5
47,75,5
48,95,7
49,95,7
50,95,7
51,95,7
52,95,7
53,95,7
54,95,7
55,95,7
56,95,7
57,95,7
58,95,7
59,95,7
60,95,7
61,95,7
62,95,7
63,95,7
64,100,5
65,100,5
66,100,5
67,100,5
68,80,3
69,80,3
70,80,3
71,80,3
72,80,3
73,80,3
74,80,3
75,80,3
76,80,3
77,80,3
78,80,3
79,80,3
80,80,3
81,80,3
82,80,3
83,100,5
84,100,5
85,100,5
86,100,5
87,75,5
88,75,5
89,75,5
90,75,5
91,75,5
92,75,5
93,75,5
94,75,5
95,75,5
96,75,5
97,75,5
98,75,5
99,75,5
100,75,5
101,75,5
102,75,5
103,100,5
104,100,5
105,100,5
106,100,5
107,90,4
108,90,4
109,90,4
110,90,4
111,90,4
112,90,4
113,90,4
114,90,4
115,90,4
116,90,4
117,90,4
118,90,4
119,90,4
120,90,4
121,90,4
122,90,4
123,90,4
124,90,4
125,90,4
126,90,4
127,90,4
128,90,4
129,90,4
130,90,4
131,90,4
132,90,4
133,90,4
134,90,4
135,90,4
136,90,4
137,90,4
138,90,4
139,90,4
140,90,4
141,90,4
142,90,4
143,100,5
144,100,5
145,100,5
146,100,5
147,100,5
148,100,5
149,100,5
150,100,5
151,100,5
152,100,5
153,100,5
154,100,5
155,100,5
156,100,5
157,100,5
158,100,5
159,100,5
160,100,5
161,100,5
162,100,5
163,50,5
164,50,5
165,50,5
166,50,5
167,50,5
168,50,5
169,50,5
170,50,5
171,50,5
172,50,5
173,50,5
174,50,5
175,50,5
176,50,5
177,50,5
178,50,5
179,50,5
180,50,5
181,50,5
182,75,5
183,100,5
184,100,5
185,100,5
186,100,5
187,100,5
188,100,5
189,100,5
190,100,5
191,100,5
192,100,5
193,100,5
194,100,5
195,100,5
196,100,5
197,100,5
198,100,5
199,100,5
200,100,5
201,100,5
202,75,5
203,75,5
204,75,5
205,75,5
206,75,5
207,75,5
208,75,5
209,75,5
210,75,5
211,75,5
212,75,5
213,75,5
214,75,5
215,75,5
216,75,5
217,75,5
218,75,5
219,75,5
220,75,5
221,75,5
222,100,5
223,100,5
224,100,5
225,100,5
226,100,5
227,100,5
228,100,5
229,100,5
230,100,5
231,100,5
232,100,5
233,100,5
234,100,5
235,100,5
236,100,5
237,100,5
238,100,5
239,100,5
240,100,5
241,100,5
242,100,5
243,100,5
244,100,5
245,100,5
246,100,5
247,100,5
248,100,5
249,100,5
250,100,5
251,100,5
252,100,5
253,100,5
254,100,5
255,100,5
256,100,5
257,100,5
258,100,5
259,100,5
260,100,5
261,100,5
262,75,5
263,75,5
264,75,5
265,75,5
266,75,5
267,75,5
268,75,5
269,75,5
270,75,5
271,75,5
272,75,5
273,75,5
274,75,5
275,75,5
276,75,5
277,75,5
278,75,5
279,75,5
280,75,5
281,75,5
282,50,5
283,50,5
284,50,5
285,50,5
286,50,5
287,50,5
288,50,5
289,50,5
290,50,5
291,50,5
292,50,5
293,50,5
294,50,5
295,50,5
296,50,5
297,50,5
298,50,5
299,50,5
300,50,5
301,75,5
302,75,5
303,75,5
304,75,5
305,75,5
306,75,5
307,75,5
308,75,5
309,75,5
310,75,5
311,75,5
312,75,5
313,75,5
314,75,5
315,75,5
316,75,5
317,75,5
318,75,5
319,75,5
320,75,5
321,75,5
322,75,5
323,75,5
324,75,5
325,75,5
326,75,5
327,75,5
328,75,5
329,75,5
330,75,5
331,75,5
332,75,5
333,75,5
334,75,5
335,75,5
336,75,5
337,75,5
338,75,5
339,75,5
340,75,5
341,75,5
342,75,5
343,75,5
344,75,5
345,75,5
346,75,5
347,75,5
348,75,5
349,75,5
350,75,5
351,75,5
352,75,5
353,75,5
354,75,5
355,75,5
356,75,5
357,75,5
358,75,5
359,75,5
360,75,5
361,90,4
362,90,4
363,90,4
364,90,4
365,90,4
366,90,4
367,90,4
368,90,4
369,90,4
370,90,4
371,90,4
372,90,4
373,90,4
374,90,4
375,90,4
376,90,4
377,90,4
378,90,4
379,90,4
380,100,5
381,100,5
382,100,5
383,100,5
384,100,5
385,100,5
386,100,5
387,100,5
388,100,5
389,100,5
390,100,5
391,100,5
392,100,5
393,100,5
394,100,5
395,100,5
396,100,5
397,100,5
398,100,5
399,100,5
400,100,5
401,100,5
402,100,5
403,100,5
404,100,5
405,100,5
406,100,5
407,100,5
408,100,5
409,100,5
410,100,5
411,100,5
412,100,5
413,100,5
414,100,5
415,100,5
416,100,5
417,100,5
418,100,5
419,100,5
420,100,5
421,100,5
422,100,5
423,100,5
424,100,5
425,100,5
426,100,5
427,100,5
428,100,5
429,100,5
430,100,5
431,100,5
432,100,5
433,100,5
434,100,5
435,100,5
436,100,5
437,100,5
438,100,5
439,100,5
440,80,3
441,80,3
442,80,3
443,80,3
444,80,3
445,80,3
446,80,3
447,80,3
448,80,3
449,80,3
450,80,3
451,80,3
452,80,3
453,80,3
454,80,3
455,80,3
456,80,3
457,80,3
458,80,3
459,80,3
460,100,5
461,100,5
462,100,5
463,100,5
464,100,5
465,100,5
466,100,5
467,100,5
468,100,5
469,100,5
470,100,5
471,100,5
472,100,5
473,100,5
474,100,5
475,100,5
476,100,5
477,100,5
478,100,5
479,75,5
480,75,5
481,75,5
482,75,5
483,75,5
484,75,5
485,75,5
486,75,5
487,75,5
488,75,5
489,75,5
490,75,5
491,75,5
492,75,5
493,75,5
494,75,5
495,75,5
496,75,5
497,75,5
498,75,5
499,75,5
500,75,5
501,75,5
502,75,5
503,75,5
504,75,5
505,75,5
506,75,5
507,75,5
508,75,5
509,75,5
510,75,5
511,75,5
512,75,5
513,75,5
514,75,5
515,75,5
516,75,5
517,75,5
518,75,5
519,50,5
520,50,5
521,50,5
522,50,5
523,50,5
524,50,5
525,50,5
526,50,5
527,50,5
528,50,5
529,50,5
530,50,5
531,50,5
532,50,5
533,50,5
534,50,5
535,50,5
536,50,5
537,50,5
538,50,5
539,100,5
540,100,5
541,100,5
542,100,5
543,100,5
544,100,5
545,100,5
546,100,5
547,100,5
548,100,5
549,100,5
550,100,5
551,100,5
552,100,5
553,100,5
554,100,5
555,100,5
556,100,5
557,100,5
558,100,5
559,75,5
560,75,5
561,75,5
562,75,5
563,75,5
564,75,5
565,75,5
566,75,5
567,75,5
568,75,5
569,75,5
570,75,5
571,75,5
572,75,5
573,75,5
574,75,5
575,75,5
576,75,5
577,75,5
578,50,5
579,50,5
580,50,5
581,50,5
582,50,5
583,50,5
584,50,5
585,50,5
586,50,5
587,50,5
588,50,5
589,50,5
590,50,5
591,50,5
592,50,5
593,50,5
594,50,5
595,50,5
596,50,5
597,50,5
598,75,5
599,75,5
600,75,5
601,75,5
602,75,5
603,75,5
604,75,5
605,75,5
606,75,5
607,75,5
608,75,5
609,75,5
610,75,5
611,75,5
612,75,5
613,75,5
614,75,5
615,75,5
616,75,5
617,75,5
618,100,5
619,100,5
620,100,5
621,100,5
622,100,5
623,100,5
624,100,5
625,100,5
626,100,5
627,100,5
628,100,5
629,100,5
630,100,5
631,100,5
632,100,5
633,100,5
634,100,5
635,100,5
636,100,5
637,100,5
638,100,5
639,100,5
640,100,5
641,100,5
642,100,5
643,100,5
644,100,5
645,100,5
646,100,5
647,100,5
648,100,5
649,100,5
650,100,5
651,100,5
652,100,5
653,100,5
654,100,5
655,100,5
656,100,5
657,100,5
658,100,5
659,100,5
660,100,5
661,100,5
662,100,5
663,100,5
664,100,5
665,100,5
666,100,5
667,100,5
668,100,5
669,100,5
670,100,5
671,100,5
672,100,5
673,100,5
674,100,5
675,100,5
676,100,5
677,75,5
678,75,5
679,75,5
680,75,5
681,75,5
682,75,5
683,75,5
684,75,5
685,75,5
686,75,5
687,75,5
688,75,5
689,75,5
690,75,5
691,75,5
692,75,5
693,75,5
694,75,5
695,75,5
696,75,5
697,75,5
698,75,5
699,75,5
700,75,5
701,75,5
702,75,5
703,75,5
704,75,5
705,75,5
706,75,5
707,75,5
708,75,5
709,75,5
710,75,5
711,75,5
712,75,5
713,75,5
714,75,5
715,75,5
716,75,5
717,100,5
718,100,5
719,100,5
720,100,5
721,100,5
722,100,5
723,100,5
724,100,5
725,100,5
726,100,5
727,100,5
728,100,5
729,100,5
730,100,5
731,100,5
732,100,5
733,100,5
734,100,5
735,100,5
736,100,5
737,75,5
738,75,5
739,75,5
740,75,5
741,75,5
742,75,5
743,75,5
744,75,5
745,75,5
746,75,5
747,75,5
748,75,5
749,75,5
750,75,5
751,75,5
752,75,5
753,75,5
754,75,5
755,75,5
756,75,5
757,100,5
758,100,5
759,100,5
760,100,5
761,100,5
762,100,5
763,100,5
764,100,5
765,100,5
766,100,5
767,100,5
768,100,5
769,100,5
770,100,5
771,100,5
772,100,5
773,100,5
774,100,5
775,100,5
776,80,3
777,70,2
778,70,2
779,70,2
780,70,2
781,70,2
782,70,2
783,70,2
784,70,2
785,70,2
786,70,2
787,70,2
788,70,2
789,70,2
790,70,2
791,70,2
792,70,2
793,70,2
794,70,2
795,70,2
796,75,5
797,75,5
798,75,5
799,75,5
800,75,5
801,75,5
802,75,5
803,75,5
804,75,5
805,75,5
806,75,5
807,75,5
808,75,5
809,75,5
810,75,5
811,75,5
812,75,5
813,75,5
814,75,5
815,75,5
816,100,5
817,100,5
818,100,5
819,100,5
820,100,5
821,100,5
822,100,5
823,100,5
824,100,5
825,100,5
826,100,5
827,100,5
828,100,5
829,100,5
830,100,5
831,100,5
832,100,5
833,100,5
834,100,5
835,100,5
836,75,5
837,75,5
838,75,5
839,75,5
840,75,5
841,75,5
842,75,5
843,75,5
844,75,5
845,75,5
846,75,5
847,75,5
848,75,5
849,75,5
850,75,5
851,75,5
852,75,5
853,75,5
854,75,5
855,75,5
856,90,4
857,90,4
858,90,4
859,90,4
860,90,4
861,90,4
862,90,4
863,90,4
864,90,4
865,90,4
866,90,4
867,90,4
868,90,4
869,90,4
870,90,4
871,90,4
872,90,4
873,90,4
874,90,4
875,75,5
876,75,5
877,75,5
878,75,5
879,75,5
880,75,5
881,75,5
882,75,5
883,75,5
884,75,5
885,75,5
886,75,5
887,75,5
888,75,5
889,75,5
890,75,5
891,75,5
892,75,5
893,75,5
894,75,5
895,100,5
896,100,5
897,100,5
898,100,5
899,100,5
900,100,5
901,100,5
902,100,5
903,100,5
904,100,5
905,100,5
906,100,5
907,100,5
908,100,5
909,100,5
910,100,5
911,100,5
912,100,5
913,100,5
914,100,5
915,80,3
916,80,3
917,80,3
918,80,3
919,80,3
920,80,3
921,80,3
922,80,3
923,80,3
924,80,3
925,80,3
926,80,3
927,80,3
928,80,3
929,80,3
930,80,3
931,80,3
932,80,3
933,80,3
934,80,3
935,90,4
936,90,4
937,90,4
938,90,4
939,90,4
940,90,4
941,90,4
942,90,4
943,90,4
944,90,4
945,90,4
946,90,4
947,90,4
948,90,4
949,90,4
950,90,4
951,90,4
952,90,4
953,90,4
954,90,4
955,80,3
956,80,3
957,80,3
958,80,3
959,80,3
960,80,3
961,80,3
962,80,3
963,80,3
964,80,3
965,80,3
966,80,3
967,80,3
968,80,3
969,80,3
970,80,3
971,80,3
972,80,3
973,80,3
974,65,4
975,65,4
976,65,4
977,65,4
978,65,4
979,65,4
980,65,4
981,65,4
982,65,4
983,65,4
984,65,4
985,65,4
986,65,4
987,65,4
988,65,4
989,65,4
990,65,4
991,65,4
992,65,4
993,65,4
994,90,4
995,90,4
996,90,4
997,90,4
998,90,4
999,90,4
1000,90,4
1001,90,4
1002,90,4
1003,90,4
1004,90,4
1005,90,4
1006,90,4
1007,90,4
1008,90,4
1009,90,4
1010,90,4
1011,90,4
1012,90,4
1013,90,4
1014,90,4
1015,90,4
1016,90,4
1017,90,4
1018,90,4
1019,90,4
1020,90,4
1021,90,4
1022,90,4
1023,90,4
1024,90,4
1025,90,4
1026,90,4
1027,90,4
1028,90,4
1029,90,4
1030,90,4
1031,90,4
1032,90,4
1033,90,4
1034,90,4
1035,90,4
1036,90,4
1037,90,4
1038,90,4
1039,90,4
1040,90,4
1041,90,4
1042,90,4
1043,90,4
1044,90,4
1045,90,4
1046,90,4
1047,90,4
1048,90,4
1049,90,4
1050,90,4
1051,90,4
1052,90,4
1053,40,4
1054,65,4
1055,65,4
1056,65,4
1057,65,4
1058,65,4
1059,65,4
1060,65,4
1061,65,4
1062,65,4
1063,65,4
1064,65,4
1065,65,4
1066,65,4
1067,65,4
1068,65,4
1069,65,4
1070,65,4
1071,65,4
1072,65,4
1073,40,4
1074,40,4
1075,40,4
1076,40,4
1077,40,4
1078,40,4
1079,40,4
1080,40,4
1081,40,4
1082,40,4
1083,40,4
1084,40,4
1085,40,4
1086,40,4
1087,40,4
1088,40,4
1089,40,4
1090,40,4
1091,40,4
1092,65,4
1093,65,4
1094,65,4
1095,65,4
1096,65,4
1097,65,4
1098,65,4
1099,65,4
1100,65,4
1101,65,4
1102,65,4
1103,65,4
1104,65,4
1105,65,4
1106,65,4
1107,65,4
1108,65,4
1109,65,4
1110,65,4
1111,65,4
1112,90,4
1113,90,4
1114,90,4
1115,90,4
1116,90,4
1117,90,4
1118,90,4
1119,90,4
1120,90,4
1121,90,4
1122,90,4
1123,90,4
1124,90,4
1125,90,4
1126,90,4
1127,90,4
1128,90,4
1129,90,4
1130,90,4
1131,65,4
1132,65,4
1133,65,4
1134,65,4
1135,65,4
1136,65,4
1137,65,4
1138,65,4
1139,65,4
1140,65,4
1141,65,4
1142,65,4
1143,65,4
1144,65,4
1145,65,4
1146,65,4
1147,65,4
1148,65,4
1149,65,4
1150,65,4
1151,80,3
1152,80,3
1153,80,3
1154,80,3
1155,80,3
1156,80,3
1157,80,3
1158,80,3
1159,80,3
1160,80,3
1161,80,3
1162,80,3
1163,80,3
1164,80,3
1165,80,3
1166,80,3
1167,80,3
1168,80,3
1169,80,3
1170,80,3
1171,70,2
1172,70,2
1173,70,2
1174,70,2
1175,70,2
1176,70,2
1177,70,2
1178,70,2
1179,70,2
1180,70,2
1181,70,2
1182,70,2
1183,70,2
1184,70,2
1185,70,2
1186,70,2
1187,70,2
1188,70,2
1189,70,2
1190,70,2
1191,70,2
1192,70,2
1193,70,2
1194,70,2
1195,70,2
1196,70,2
1197,70,2
1198,70,2
1199,70,2
1200,70,2
1201,70,2
1202,70,2
1203,70,2
1204,70,2
1205,70,2
1206,70,2
1207,70,2
1208,70,2
1209,70,2
1210,65,4
1211,65,4
1212,65,4
1213,65,4
1214,65,4
1215,65,4
1216,65,4
1217,65,4
1218,65,4
1219,65,4
1220,65,4
1221,65,4
1222,65,4
1223,65,4
1224,65,4
1225,65,4
1226,65,4
1227,65,4
1228,65,4
1229,65,4
1230,65,4
1231,65,4
1232,65,4
1233,65,4
1234,65,4
1235,65,4
1236,65,4
1237,65,4
1238,65,4
1239,65,4
1240,65,4
1241,65,4
1242,65,4
1243,65,4
1244,65,4
1245,65,4
1246,65,4
1247,65,4
1248,65,4
1249,65,4
1250,65,4
1251,65,4
1252,65,4
1253,65,4
1254,65,4
1255,65,4
1256,65,4
1257,65,4
1258,65,4
1259,65,4
1260,65,4
1261,65,4
1262,65,4
1263,65,4
1264,65,4
1265,65,4
1266,65,4
1267,65,4
1268,65,4
1269,65,4
1270,90,4
1271,90,4
1272,90,4
1273,90,4
1274,90,4
1275,90,4
1276,90,4
1277,90,4
1278,90,4
1279,90,4
1280,90,4
1281,90,4
1282,90,4
1283,90,4
1284,90,4
1285,90,4
1286,90,4
1287,90,4
1288,90,4
1289,65,4
1290,65,4
1291,65,4
1292,65,4
1293,65,4
1294,65,4
1295,65,4
1296,65,4
1297,65,4
1298,65,4
1299,65,4
1300,65,4
1301,65,4
1302,65,4
1303,65,4
1304,65,4
1305,65,4
1306,65,4
1307,65,4
1308,65,4
1309,90,4
1310,90,4
1311,90,4
1312,90,4
1313,90,4
1314,90,4
1315,90,4
1316,90,4
1317,90,4
1318,90,4
1319,90,4
1320,90,4
1321,90,4
1322,90,4
1323,90,4
1324,90,4
1325,90,4
1326,90,4
1327,90,4
1328,65,4
1329,65,4
1330,65,4
1331,65,4
1332,65,4
1333,65,4
1334,65,4
1335,65,4
1336,65,4
1337,65,4
1338,65,4
1339,65,4
1340,65,4
1341,65,4
1342,65,4
1343,65,4
1344,65,4
1345,65,4
1346,65,4
1347,65,4
1348,40,4
1349,40,4
1350,40,4
1351,40,4
1352,40,4
1353,40,4
1354,40,4
1355,40,4
1356,40,4
1357,40,4
1358,40,4
1359,40,4
1360,40,4
1361,40,4
1362,40,4
1363,40,4
1364,40,4
1365,40,4
1366,40,4
1367,40,4
1368,90,4
1369,80,3
1370,80,3
1371,80,3
1372,80,3
1373,80,3
1374,80,3
1375,80,3
1376,80,3
1377,80,3
1378,80,3
1379,80,3
1380,80,3
1381,80,3
1382,80,3
1383,80,3
1384,80,3
1385,80,3
1386,80,3
1387,80,3
1388,90,4
1389,90,4
1390,90,4
1391,90,4
1392,90,4
1393,90,4
1394,90,4
1395,90,4
1396,90,4
1397,90,4
1398,90,4
1399,90,4
1400,90,4
1401,90,4
1402,90,4
1403,90,4
1404,90,4
1405,90,4
1406,90,4
1407,90,4
1408,90,4
1409,90,4
1410,90,4
1411,90,4
1412,90,4
1413,90,4
1414,90,4
1415,90,4
1416,90,4
1417,90,4
1418,90,4
1419,90,4
1420,90,4
1421,90,4
1422,90,4
1423,90,4
1424,90,4
1425,90,4
1426,90,4
1427,65,4
1428,65,4
1429,65,4
1430,65,4
1431,65,4
1432,65,4
1433,65,4
1434,65,4
1435,65,4
1436,65,4
1437,65,4
1438,65,4
1439,65,4
1440,65,4
1441,65,4
1442,65,4
1443,65,4
1444,65,4
1445,65,4
1446,65,4
1447,65,4
1448,65,4
1449,65,4
1450,65,4
1451,65,4
1452,65,4
1453,65,4
1454,65,4
1455,65,4
1456,65,4
1457,65,4
1458,65,4
1459,65,4
1460,65,4
1461,65,4
1462,65,4
1463,65,4
1464,65,4
1465,65,4
1466,65,4
1467,65,4
1468,65,4
1469,65,4
1470,65,4
1471,65,4
1472,65,4
1473,65,4
1474,65,4
1475,65,4
1476,65,4
1477,65,4
1478,65,4
1479,65,4
1480,65,4
1481,65,4
1482,65,4
1483,65,4
1484,65,4
1485,65,4
1486,65,4
1487,65,4
1488,65,4
1489,65,4
1490,65,4
1491,65,4
1492,65,4
1493,65,4
1494,65,4
1495,65,4
1496,65,4
1497,65,4
1498,65,4
1499,65,4
1500,65,4
1501,65,4
1502,65,4
1503,65,4
1504,65,4
1505,65,4
1506,65,4
1507,65,4
1508,65,4
1509,65,4
1510,65,4
1511,65,4
1512,65,4
1513,65,4
1514,65,4
1515,65,4
1516,65,4
1517,65,4
1518,65,4
1519,65,4
1520,65,4
1521,65,4
1522,65,4
1523,65,4
1524,65,4
1525,65,4
1526,90,4
1527,90,4
1528,90,4
1529,90,4
1530,90,4
1531,90,4
1532,90,4
1533,90,4
1534,90,4
1535,90,4
1536,90,4
1537,90,4
1538,90,4
1539,90,4
1540,90,4
1541,90,4
1542,90,4
1543,90,4
1544,90,4
1545,90,4
1546,65,4
1547,65,4
1548,65,4
1549,65,4
1550,65,4
1551,65,4
1552,65,4
1553,65,4
1554,65,4
1555,65,4
1556,65,4
1557,65,4
1558,65,4
1559,65,4
1560,65,4
1561,65,4
1562,65,4
1563,65,4
1564,65,4
1565,65,4
1566,65,4
1567,65,4
1568,65,4
1569,65,4
1570,65,4
1571,65,4
1572,65,4
1573,65,4
1574,65,4
1575,65,4
1576,65,4
1577,65,4
1578,65,4
1579,65,4
1580,65,4
1581,65,4
1582,65,4
1583,65,4
1584,65,4
1585,90,4
1586,90,4
1587,90,4
1588,90,4
1589,90,4
1590,90,4
1591,90,4
1592,90,4
1593,90,4
1594,90,4
1595,90,4
1596,90,4
1597,90,4
1598,90,4
1599,90,4
1600,90,4
1601,90,4
1602,90,4
1603,90,4
1604,90,4
1605,40,4
1606,40,4
1607,40,4
1608,40,4
1609,40,4
1610,40,4
1611,40,4
1612,40,4
1613,40,4
1614,40,4
1615,40,4
1616,40,4
1617,40,4
1618,40,4
1619,40,4
1620,40,4
1621,40,4
1622,40,4
1623,40,4
1624,40,4
1625,80,3
1626,80,3
1627,80,3
1628,80,3
1629,80,3
1630,80,3
1631,80,3
1632,80,3
1633,80,3
1634,80,3
1635,80,3
1636,80,3
1637,80,3
1638,80,3
1639,80,3
1640,80,3
1641,80,3
1642,80,3
1643,80,3
1644,80,3
1645,80,3
1646,80,3
1647,80,3
1648,80,3
1649,80,3
1650,80,3
1651,80,3
1652,80,3
1653,80,3
1654,80,3
1655,80,3
1656,80,3
1657,80,3
1658,80,3
1659,80,3
1660,80,3
1661,80,3
1662,80,3
1663,80,3
1664,80,3
1665,65,4
1666,65,4
1667,65,4
1668,65,4
1669,65,4
1670,65,4
1671,65,4
1672,65,4
1673,65,4
1674,65,4
1675,65,4
1676,65,4
1677,65,4
1678,65,4
1679,65,4
1680,65,4
1681,65,4
1682,65,4
1683,65,4
1684,80,3
1685,80,3
1686,80,3
1687,80,3
1688,80,3
1689,80,3
1690,80,3
1691,80,3
1692,80,3
1693,80,3
1694,80,3
1695,80,3
1696,80,3
1697,80,3
1698,80,3
1699,80,3
1700,80,3
1701,80,3
1702,80,3
1703,80,3
1704,90,4
1705,90,4
1706,90,4
1707,90,4
1708,90,4
1709,90,4
1710,90,4
1711,90,4
1712,90,4
1713,90,4
1714,90,4
1715,90,4
1716,90,4
1717,90,4
1718,90,4
1719,90,4
1720,90,4
1721,90,4
1722,90,4
1723,90,4
1724,80,3
1725,80,3
1726,80,3
1727,80,3
1728,80,3
1729,80,3
1730,80,3
1731,80,3
1732,80,3
1733,80,3
1734,80,3
1735,80,3
1736,80,3
1737,80,3
1738,80,3
1739,80,3
1740,80,3
1741,80,3
1742,80,3
1743,80,3
1744,90,4
1745,90,4
1746,90,4
1747,90,4
1748,90,4
1749,90,4
1750,90,4
1751,90,4
1752,90,4
1753,90,4
1754,90,4
1755,90,4
1756,90,4
1757,90,4
1758,90,4
1759,90,4
1760,90,4
1761,90,4
1762,90,4
1763,90,4
1764,40,4
1765,40,4
1766,40,4
1767,40,4
1768,40,4
1769,40,4
1770,40,4
1771,40,4
1772,40,4
1773,40,4
1774,40,4
1775,40,4
1776,40,4
1777,40,4
1778,40,4
1779,40,4
1780,40,4
1781,40,4
1782,40,4
1783,40,4
1784,65,4
1785,65,4
1786,65,4
1787,65,4
1788,65,4
1789,65,4
1790,65,4
1791,65,4
1792,65,4
1793,65,4
1794,65,4
1795,65,4
1796,65,4
1797,65,4
1798,65,4
1799,65,4
1800,65,4
1801,65,4
1802,65,4
1803,65,4
1804,65,4
1805,65,4
1806,65,4
1807,65,4
1808,65,4
1809,65,4
1810,65,4
1811,65,4
1812,65,4
1813,65,4
1814,65,4
1815,65,4
1816,65,4
1817,65,4
1818,65,4
1819,65,4
1820,65,4
1821,65,4
1822,65,4
1823,90,4
1824,90,4
1825,90,4
1826,90,4
1827,90,4
1828,90,4
1829,90,4
1830,90,4
1831,90,4
1832,90,4
1833,90,4
1834,90,4
1835,90,4
1836,90,4
1837,90,4
1838,90,4
1839,90,4
1840,90,4
1841,90,4
1842,90,4
1843,90,4
1844,90,4
1845,90,4
1846,90,4
1847,90,4
1848,90,4
1849,90,4
1850,90,4
1851,90,4
1852,90,4
1853,90,4
1854,90,4
1855,90,4
1856,90,4
1857,90,4
1858,90,4
1859,90,4
1860,90,4
1861,90,4
1862,90,4
1863,65,4
1864,65,4
1865,65,4
1866,65,4
1867,65,4
1868,65,4
1869,65,4
1870,65,4
1871,65,4
1872,65,4
1873,65,4
1874,65,4
1875,65,4
1876,65,4
1877,65,4
1878,65,4
1879,65,4
1880,65,4
1881,65,4
1882,65,4
1883,65,4
1884,65,4
1885,65,4
1886,65,4
1887,65,4
1888,65,4
1889,65,4
1890,65,4
1891,65,4
1892,65,4
1893,65,4
1894,65,4
1895,65,4
1896,65,4
1897,65,4
1898,65,4
1899,65,4
1900,65,4
1901,40,4
1902,40,4
1903,40,4
1904,40,4
1905,40,4
1906,40,4
1907,40,4
1908,40,4
1909,40,4
1910,40,4
1911,40,4
1912,40,4
1913,40,4
1914,40,4
1915,40,4
1916,40,4
1917,40,4
1918,40,4
1919,40,4
1920,40,4
1921,65,4
1922,65,4
1923,65,4
1924,65,4
1925,65,4
1926,65,4
1927,65,4
1928,65,4
1929,65,4
1930,65,4
1931,65,4
1932,65,4
1933,65,4
1934,65,4
1935,65,4
1936,65,4
1937,65,4
1938,65,4
1939,65,4
1940,65,4
1941,40,4
1942,40,4
1943,40,4
1944,40,4
1945,40,4
1946,40,4
1947,40,4
1948,40,4
1949,40,4
1950,40,4
1951,40,4
1952,40,4
1953,40,4
1954,40,4
1955,40,4
1956,40,4
1957,40,4
1958,40,4
1959,40,4
1960,40,4
1961,65,4
1962,65,4
1963,65,4
1964,65,4
1965,65,4
1966,65,4
1967,65,4
1968,65,4
1969,65,4
1970,65,4
1971,65,4
1972,65,4
1973,65,4
1974,65,4
1975,65,4
1976,65,4
1977,65,4
1978,65,4
1979,65,4
1980,40,4
1981,90,4
1982,90,4
1983,90,4
1984,90,4
1985,90,4
1986,90,4
1987,90,4
1988,90,4
1989,90,4
1990,90,4
1991,90,4
1992,90,4
1993,90,4
1994,90,4
1995,90,4
1996,90,4
1997,90,4
1998,90,4
1999,90,4
2000,90,4
2001,90,4
2002,90,4
2003,90,4
2004,90,4
2005,90,4
2006,90,4
2007,90,4
2008,90,4
2009,90,4
2010,90,4
2011,90,4
2012,90,4
2013,90,4
2014,90,4
2015,90,4
2016,90,4
2017,90,4
2018,90,4
2019,90,4
2020,90,4
2021,90,4
2022,90,4
2023,90,4
2024,90,4
2025,90,4
2026,90,4
2027,90,4
2028,90,4
2029,90,4
2030,90,4
2031,90,4
2032,90,4
2033,90,4
2034,90,4
2035,90,4
2036,90,4
2037,90,4
2038,90,4
2039,90,4
2040,90,4
2041,90,4
2042,90,4
2043,90,4
2044,90,4
2045,90,4
2046,90,4
2047,90,4
2048,90,4
2049,90,4
2050,90,4
2051,90,4
2052,90,4
2053,90,4
2054,90,4
2055,90,4
2056,90,4
2057,90,4
2058,90,4
2059,90,4
2060,65,4
2061,65,4
2062,65,4
2063,65,4
2064,65,4
2065,65,4
2066,65,4
2067,65,4
2068,65,4
2069,65,4
2070,65,4
2071,65,4
2072,65,4
2073,65,4
2074,65,4
2075,65,4
2076,65,4
2077,65,4
2078,65,4
2079,65,4
2080,90,4
2081,90,4
2082,90,4
2083,90,4
2084,90,4
2085,90,4
2086,90,4
2087,90,4
2088,90,4
2089,90,4
2090,90,4
2091,90,4
2092,90,4
2093,90,4
2094,90,4
2095,90,4
2096,90,4
2097,90,4
2098,90,4
2099,80,3
2100,80,3
2101,80,3
2102,80,3
2103,80,3
2104,80,3
2105,80,3
2106,80,3
2107,80,3
2108,80,3
2109,80,3
2110,80,3
2111,80,3
2112,80,3
2113,80,3
2114,80,3
2115,80,3
2116,80,3
2117,80,3
2118,80,3
2119,70,2
2120,70,2
2121,70,2
2122,70,2
2123,70,2
2124,70,2
2125,70,2
2126,70,2
2127,70,2
2128,70,2
2129,70,2
2130,70,2
2131,70,2
2132,70,2
2133,70,2
2134,70,2
2135,70,2
2136,70,2
2137,70,2
2138,70,2
2139,80,3
2140,80,3
2141,80,3
2142,80,3
2143,80,3
2144,80,3
2145,80,3
2146,80,3
2147,80,3
2148,80,3
2149,80,3
2150,80,3
2151,80,3
2152,80,3
2153,80,3
2154,80,3
2155,80,3
2156,80,3
2157,80,3
2158,80,3
2159,55,3
2160,55,3
2161,55,3
2162,55,3
2163,55,3
2164,55,3
2165,55,3
2166,55,3
2167,55,3
2168,55,3
2169,55,3
2170,55,3
2171,55,3
2172,55,3
2173,55,3
2174,55,3
2175,55,3
2176,55,3
2177,55,3
2178,55,3
2179,30,3
2180,30,3
2181,30,3
2182,30,3
2183,30,3
2184,30,3
2185,30,3
2186,30,3
2187,30,3
2188,30,3
2189,30,3
2190,30,3
2191,30,3
2192,30,3
2193,30,3
2194,30,3
2195,30,3
2196,30,3
2197,30,3
2198,30,3
2199,80,3
2200,80,3
2201,80,3
2202,80,3
2203,80,3
2204,80,3
2205,80,3
2206,80,3
2207,80,3
2208,80,3
2209,80,3
2210,80,3
2211,80,3
2212,80,3
2213,80,3
2214,80,3
2215,80,3
2216,80,3
2217,80,3
2218,80,3
2219,80,3
2220,80,3
2221,80,3
2222,80,3
2223,80,3
2224,80,3
2225,80,3
2226,80,3
2227,80,3
2228,80,3
2229,80,3
2230,80,3
2231,80,3
2232,80,3
2233,80,3
2234,80,3
2235,80,3
2236,80,3
2237,80,3
2238,80,3
2239,80,3
2240,80,3
2241,80,3
2242,80,3
2243,80,3
2244,80,3
2245,80,3
2246,80,3
2247,80,3
2248,80,3
2249,80,3
2250,80,3
2251,80,3
2252,80,3
2253,80,3
2254,80,3
2255,80,3
2256,80,3
2257,80,3
2258,80,3
2259,80,3
2260,80,3
2261,80,3
2262,80,3
2263,80,3
2264,80,3
2265,80,3
2266,80,3
2267,80,3
2268,80,3
2269,80,3
2270,80,3
2271,80,3
2272,80,3
2273,80,3
2274,80,3
2275,80,3
2276,80,3
2277,80,3
2278,55,3
2279,55,3
2280,55,3
2281,55,3
2282,55,3
2283,55,3
2284,55,3
2285,55,3
2286,55,3
2287,55,3
2288,55,3
2289,55,3
2290,55,3
2291,55,3
2292,55,3
2293,55,3
2294,55,3
2295,55,3
2296,55,3
2297,55,3
2298,55,3
2299,55,3
2300,55,3
2301,55,3
2302,55,3
2303,55,3
2304,55,3
2305,55,3
2306,55,3
2307,55,3
2308,55,3
2309,55,3
2310,55,3
2311,55,3
2312,55,3
2313,55,3
2314,55,3
2315,55,3
2316,55,3
2317,55,3
2318,55,3
2319,55,3
2320,55,3
2321,55,3
2322,55,3
2323,55,3
2324,55,3
2325,55,3
2326,55,3
2327,55,3
2328,55,3
2329,55,3
2330,55,3
2331,55,3
2332,55,3
2333,55,3
2334,55,3
2335,55,3
2336,55,3
2337,30,3
2338,30,3
2339,30,3
2340,30,3
2341,30,3
2342,30,3
2343,30,3
2344,30,3
2345,30,3
2346,30,3
2347,30,3
2348,30,3
2349,30,3
2350,30,3
2351,30,3
2352,30,3
2353,30,3
2354,30,3
2355,30,3
2356,30,3
2357,30,3
2358,30,3
2359,30,3
2360,30,3
2361,30,3
2362,30,3
2363,30,3
2364,30,3
2365,30,3
2366,30,3
2367,30,3
2368,30,3
2369,30,3
2370,30,3
2371,30,3
2372,30,3
2373,30,3
2374,30,3
2375,30,3
2376,30,3
2377,30,3
2378,30,3
2379,30,3
2380,30,3
2381,30,3
2382,30,3
2383,30,3
2384,30,3
2385,30,3
2386,30,3
2387,30,3
2388,30,3
2389,30,3
2390,30,3
2391,30,3
2392,30,3
2393,30,3
2394,30,3
2395,30,3
2396,30,3
2397,30,3
2398,30,3
2399,30,3
2400,30,3
2401,30,3
2402,30,3
2403,30,3
2404,30,3
2405,30,3
2406,30,3
2407,30,3
2408,30,3
2409,30,3
2410,30,3
2411,30,3
2412,30,3
2413,30,3
2414,30,3
2415,30,3
2416,80,3
2417,80,3
2418,80,3
2419,80,3
2420,80,3
2421,80,3
2422,80,3
2423,80,3
2424,80,3
2425,80,3
2426,80,3
2427,80,3
2428,80,3
2429,80,3
2430,80,3
2431,80,3
2432,80,3
2433,80,3
2434,80,3
2435,80,3
2436,55,3
2437,55,3
2438,55,3
2439,55,3
2440,55,3
2441,55,3
2442,55,3
2443,55,3
2444,55,3
2445,55,3
2446,55,3
2447,55,3
2448,55,3
2449,55,3
2450,55,3
2451,55,3
2452,55,3
2453,55,3
2454,55,3
2455,80,3
2456,80,3
2457,80,3
2458,80,3
2459,80,3
2460,80,3
2461,80,3
2462,80,3
2463,80,3
2464,80,3
2465,80,3
2466,80,3
2467,80,3
2468,80,3
2469,80,3
2470,80,3
2471,80,3
2472,80,3
2473,80,3
2474,80,3
2475,55,3
2476,55,3
2477,55,3
2478,55,3
2479,55,3
2480,55,3
2481,55,3
2482,55,3
2483,55,3
2484,55,3
2485,55,3
2486,55,3
2487,55,3
2488,55,3
2489,55,3
2490,55,3
2491,55,3
2492,55,3
2493,55,3
2494,55,3
2495,80,3
2496,80,3
2497,80,3
2498,80,3
2499,80,3
2500,80,3
2501,80,3
2502,80,3
2503,80,3
2504,80,3
2505,80,3
2506,80,3
2507,80,3
2508,80,3
2509,80,3
2510,80,3
2511,80,3
2512,80,3
2513,80,3
2514,80,3
2515,80,3
2516,80,3
2517,80,3
2518,80,3
2519,80,3
2520,80,3
2521,80,3
2522,80,3
2523,80,3
2524,80,3
2525,80,3
2526,80,3
2527,80,3
2528,80,3
2529,80,3
2530,80,3
2531,80,3
2532,80,3
2533,80,3
2534,55,3
2535,30,3
2536,30,3
2537,30,3
2538,30,3
2539,30,3
2540,30,3
2541,30,3
2542,30,3
2543,30,3
2544,30,3
2545,30,3
2546,30,3
2547,30,3
2548,30,3
2549,30,3
2550,30,3
2551,30,3
2552,30,3
2553,30,3
2554,55,3
2555,55,3
2556,55,3
2557,55,3
2558,55,3
2559,55,3
2560,55,3
2561,55,3
2562,55,3
2563,55,3
2564,55,3
2565,55,3
2566,55,3
2567,55,3
2568,55,3
2569,55,3
2570,55,3
2571,55,3
2572,55,3
2573,55,3
2574,80,3
2575,80,3
2576,80,3
2577,80,3
2578,80,3
2579,80,3
2580,80,3
2581,80,3
2582,80,3
2583,80,3
2584,80,3
2585,80,3
2586,80,3
2587,80,3
2588,80,3
2589,80,3
2590,80,3
2591,80,3
2592,80,3
2593,80,3
2594,55,3
2595,55,3
2596,55,3
2597,55,3
2598,55,3
2599,55,3
2600,55,3
2601,55,3
2602,55,3
2603,55,3
2604,55,3
2605,55,3
2606,55,3
2607,55,3
2608,55,3
2609,55,3
2610,55,3
2611,55,3
2612,55,3
2613,55,3
2614,55,3
2615,55,3
2616,55,3
2617,55,3
2618,55,3
2619,55,3
2620,55,3
2621,55,3
2622,55,3
2623,55,3
2624,55,3
2625,55,3
2626,55,3
2627,55,3
2628,55,3
2629,55,3
2630,55,3
2631,55,3
2632,55,3
2633,55,3
2634,30,3
2635,30,3
2636,30,3
2637,30,3
2638,30,3
2639,30,3
2640,30,3
2641,30,3
2642,30,3
2643,30,3
2644,30,3
2645,30,3
2646,30,3
2647,30,3
2648,30,3
2649,30,3
2650,30,3
2651,30,3
2652,30,3
2653,30,3
2654,55,3
2655,55,3
2656,55,3
2657,55,3
2658,55,3
2659,55,3
2660,55,3
2661,55,3
2662,55,3
2663,55,3
2664,55,3
2665,55,3
2666,55,3
2667,55,3
2668,55,3
2669,55,3
2670,55,3
2671,55,3
2672,55,3
2673,30,3
2674,30,3
2675,30,3
2676,30,3
2677,30,3
2678,30,3
2679,30,3
2680,30,3
2681,30,3
2682,30,3
2683,30,3
2684,30,3
2685,30,3
2686,30,3
2687,30,3
2688,30,3
2689,30,3
2690,30,3
2691,30,3
2692,30,3
2693,55,3
2694,55,3
2695,55,3
2696,55,3
2697,55,3
2698,55,3
2699,55,3
2700,55,3
2701,55,3
2702,55,3
2703,55,3
2704,55,3
2705,55,3
2706,55,3
2707,55,3
2708,55,3
2709,55,3
2710,55,3
2711,55,3
2712,55,3
2713,80,3
2714,80,3
2715,80,3
2716,80,3
2717,80,3
2718,80,3
2719,80,3
2720,80,3
2721,80,3
2722,80,3
2723,80,3
2724,80,3
2725,80,3
2726,80,3
2727,80,3
2728,80,3
2729,80,3
2730,80,3
2731,80,3
2732,80,3
2733,55,3
2734,55,3
2735,55,3
2736,55,3
2737,55,3
2738,55,3
2739,55,3
2740,55,3
2741,55,3
2742,55,3
2743,55,3
2744,55,3
2745,55,3
2746,55,3
2747,55,3
2748,55,3
2749,55,3
2750,55,3
2751,55,3
2752,55,3
2753,55,3
2754,55,3
2755,55,3
2756,55,3
2757,55,3
2758,55,3
2759,55,3
2760,55,3
2761,55,3
2762,55,3
2763,55,3
2764,55,3
2765,55,3
2766,55,3
2767,55,3
2768,55,3
2769,55,3
2770,55,3
2771,55,3
2772,55,3
2773,55,3
2774,55,3
2775,55,3
2776,55,3
2777,55,3
2778,55,3
2779,55,3
2780,55,3
2781,55,3
2782,55,3
2783,55,3
2784,55,3
2785,55,3
2786,55,3
2787,55,3
2788,55,3
2789,55,3
2790,55,3
2791,55,3
2792,55,3
2793,55,3
2794,55,3
2795,55,3
2796,55,3
2797,55,3
2798,55,3
2799,55,3
2800,55,3
2801,55,3
2802,55,3
2803,55,3
2804,55,3
2805,55,3
2806,55,3
2807,55,3
2808,55,3
2809,55,3
2810,55,3
2811,55,3
2812,55,3
2813,55,3
2814,55,3
2815,55,3
2816,55,3
2817,55,3
2818,55,3
2819,55,3
2820,55,3
2821,55,3
2822,55,3
2823,55,3
2824,55,3
2825,55,3
2826,55,3
2827,55,3
2828,55,3
2829,55,3
2830,55,3
2831,55,3
2832,55,3
2833,55,3
2834,55,3
2835,55,3
2836,55,3
2837,55,3
2838,55,3
2839,55,3
2840,55,3
2841,55,3
2842,55,3
2843,55,3
2844,55,3
2845,55,3
2846,55,3
2847,55,3
2848,55,3
2849,55,3
2850,55,3
2851,55,3
2852,80,3
2853,80,3
2854,80,3
2855,80,3
2856,80,3
2857,80,3
2858,80,3
2859,80,3
2860,80,3
2861,80,3
2862,80,3
2863,80,3
2864,80,3
2865,80,3
2866,80,3
2867,80,3
2868,80,3
2869,80,3
2870,80,3
2871,80,3
2872,55,3
2873,55,3
2874,55,3
2875,55,3
2876,55,3
2877,55,3
2878,55,3
2879,55,3
2880,55,3
2881,55,3
2882,55,3
2883,55,3
2884,55,3
2885,55,3
2886,55,3
2887,55,3
2888,55,3
2889,55,3
2890,55,3
2891,70,2
2892,70,2
2893,70,2
2894,70,2
2895,70,2
2896,70,2
2897,70,2
2898,70,2
2899,70,2
2900,70,2
2901,70,2
2902,70,2
2903,70,2
2904,70,2
2905,70,2
2906,70,2
2907,70,2
2908,70,2
2909,70,2
2910,80,3
2911,80,3
2912,80,3
2913,80,3
2914,80,3
2915,80,3
2916,80,3
2917,80,3
2918,80,3
2919,80,3
2920,80,3
2921,80,3
2922,80,3
2923,80,3
2924,80,3
2925,80,3
2926,80,3
2927,80,3
2928,80,3
2929,80,3
2930,30,3
2931,30,3
2932,30,3
2933,30,3
2934,30,3
2935,30,3
2936,30,3
2937,30,3
2938,30,3
2939,30,3
2940,30,3
2941,30,3
2942,30,3
2943,30,3
2944,30,3
2945,30,3
2946,30,3
2947,30,3
2948,30,3
2949,30,3
2950,55,3
2951,55,3
2952,55,3
2953,55,3
2954,55,3
2955,55,3
2956,55,3
2957,55,3
2958,55,3
2959,55,3
2960,55,3
2961,55,3
2962,55,3
2963,55,3
2964,55,3
2965,55,3
2966,55,3
2967,55,3
2968,55,3
2969,55,3
2970,30,3
2971,30,3
2972,30,3
2973,30,3
2974,30,3
2975,30,3
2976,30,3
2977,30,3
2978,30,3
2979,30,3
2980,30,3
2981,30,3
2982,30,3
2983,30,3
2984,30,3
2985,30,3
2986,30,3
2987,30,3
2988,30,3
2989,30,3
2990,30,3
2991,30,3
2992,30,3
2993,30,3
2994,30,3
2995,30,3
2996,30,3
2997,30,3
2998,30,3
2999,30,3
3000,30,3
3001,30,3
3002,30,3
3003,30,3
3004,30,3
3005,30,3
3006,30,3
3007,30,3
3008,30,3
3009,30,3
3010,55,3
3011,55,3
3012,55,3
3013,55,3
3014,55,3
3015,55,3
3016,55,3
3017,55,3
3018,55,3
3019,55,3
3020,55,3
3021,55,3
3022,55,3
3023,55,3
3024,55,3
3025,55,3
3026,55,3
3027,55,3
3028,55,3
3029,55,3
3030,55,3
3031,55,3
3032,55,3
3033,55,3
3034,55,3
3035,55,3
3036,55,3
3037,55,3
3038,55,3
3039,55,3
3040,55,3
3041,55,3
3042,55,3
3043,55,3
3044,55,3
3045,55,3
3046,55,3
3047,55,3
3048,55,3
3049,55,3
3050,55,3
3051,55,3
3052,55,3
3053,55,3
3054,55,3
3055,55,3
3056,55,3
3057,55,3
3058,55,3
3059,55,3
3060,55,3
3061,55,3
3062,55,3
3063,55,3
3064,55,3
3065,55,3
3066,55,3
3067,55,3
3068,55,3
3069,30,3
3070,30,3
3071,30,3
3072,30,3
3073,30,3
3074,30,3
3075,30,3
3076,30,3
3077,30,3
3078,30,3
3079,30,3
3080,30,3
3081,30,3
3082,30,3
3083,30,3
3084,30,3
3085,30,3
3086,30,3
3087,30,3
3088,30,3
3089,55,3
3090,55,3
3091,55,3
3092,55,3
3093,55,3
3094,55,3
3095,55,3
3096,55,3
3097,55,3
3098,55,3
3099,55,3
3100,55,3
3101,55,3
3102,55,3
3103,55,3
3104,55,3
3105,55,3
3106,55,3
3107,55,3
3108,55,3
3109,30,3
3110,30,3
3111,30,3
3112,30,3
3113,30,3
3114,30,3
3115,30,3
3116,30,3
3117,30,3
3118,30,3
3119,30,3
3120,30,3
3121,30,3
3122,30,3
3123,30,3
3124,30,3
3125,30,3
3126,30,3
3127,30,3
3128,80,3
3129,80,3
3130,80,3
3131,80,3
3132,80,3
3133,80,3
3134,80,3
3135,80,3
3136,80,3
3137,80,3
3138,80,3
3139,80,3
3140,80,3
3141,80,3
3142,80,3
3143,80,3
3144,80,3
3145,80,3
3146,80,3
3147,80,3
3148,55,3
3149,55,3
3150,55,3
3151,55,3
3152,55,3
3153,55,3
3154,55,3
3155,55,3
3156,55,3
3157,55,3
3158,55,3
3159,55,3
3160,55,3
3161,55,3
3162,55,3
3163,55,3
3164,55,3
3165,55,3
3166,55,3
3167,55,3
3168,30,3
3169,30,3
3170,30,3
3171,30,3
3172,30,3
3173,30,3
3174,30,3
3175,30,3
3176,30,3
3177,30,3
3178,30,3
3179,30,3
3180,30,3
3181,30,3
3182,30,3
3183,30,3
3184,30,3
3185,30,3
3186,30,3
3187,30,3
3188,30,3
3189,30,3
3190,30,3
3191,30,3
3192,30,3
3193,30,3
3194,30,3
3195,30,3
3196,30,3
3197,30,3
3198,30,3
3199,30,3
3200,30,3
3201,30,3
3202,30,3
3203,30,3
3204,30,3
3205,30,3
3206,30,3
3207,30,3
3208,55,3
3209,55,3
3210,55,3
3211,55,3
3212,55,3
3213,55,3
3214,55,3
3215,55,3
3216,55,3
3217,55,3
3218,55,3
3219,55,3
3220,55,3
3221,55,3
3222,55,3
3223,55,3
3224,55,3
3225,55,3
3226,55,3
3227,55,3
3228,30,3
3229,30,3
3230,30,3
3231,30,3
3232,30,3
3233,30,3
3234,30,3
3235,30,3
3236,30,3
3237,30,3
3238,30,3
3239,30,3
3240,30,3
3241,30,3
3242,30,3
3243,30,3
3244,30,3
3245,30,3
3246,30,3
3247,80,3
3248,80,3
3249,80,3
3250,80,3
3251,80,3
3252,80,3
3253,80,3
3254,80,3
3255,80,3
3256,80,3
3257,80,3
3258,80,3
3259,80,3
3260,80,3
3261,80,3
3262,80,3
3263,80,3
3264,80,3
3265,80,3
3266,80,3
3267,70,2
3268,70,2
3269,70,2
3270,70,2
3271,70,2
3272,70,2
3273,70,2
3274,70,2
3275,70,2
3276,70,2
3277,70,2
3278,70,2
3279,70,2
3280,70,2
3281,70,2
3282,70,2
3283,70,2
3284,70,2
3285,70,2
3286,70,2
3287,80,3
3288,80,3
3289,80,3
3290,80,3
3291,80,3
3292,80,3
3293,80,3
3294,80,3
3295,80,3
3296,80,3
3297,80,3
3298,80,3
3299,80,3
3300,80,3
3301,80,3
3302,80,3
3303,80,3
3304,80,3
3305,80,3
3306,70,2
3307,80,3
3308,80,3
3309,80,3
3310,80,3
3311,80,3
3312,80,3
3313,80,3
3314,80,3
3315,80,3
3316,80,3
3317,80,3
3318,80,3
3319,80,3
3320,80,3
3321,80,3
3322,80,3
3323,80,3
3324,80,3
3325,80,3
3326,55,3
3327,55,3
3328,55,3
3329,55,3
3330,55,3
3331,55,3
3332,55,3
3333,55,3
3334,55,3
3335,55,3
3336,55,3
3337,55,3
3338,55,3
3339,55,3
3340,55,3
3341,55,3
3342,55,3
3343,55,3
3344,55,3
3345,55,3
3346,55,3
3347,55,3
3348,55,3
3349,55,3
3350,55,3
3351,55,3
3352,55,3
3353,55,3
3354,55,3
3355,55,3
3356,55,3
3357,55,3
3358,55,3
3359,55,3
3360,55,3
3361,55,3
3362,55,3
3363,55,3
3364,55,3
3365,55,3
3366,30,3
3367,30,3
3368,30,3
3369,30,3
3370,30,3
3371,30,3
3372,30,3
3373,30,3
3374,30,3
3375,30,3
3376,30,3
3377,30,3
3378,30,3
3379,30,3
3380,30,3
3381,30,3
3382,30,3
3383,30,3
3384,30,3
3385,30,3
3386,55,3
3387,55,3
3388,55,3
3389,55,3
3390,55,3
3391,55,3
3392,55,3
3393,55,3
3394,55,3
3395,55,3
3396,55,3
3397,55,3
3398,55,3
3399,55,3
3400,55,3
3401,55,3
3402,55,3
3403,55,3
3404,55,3
3405,30,3
3406,30,3
3407,30,3
3408,30,3
3409,30,3
3410,30,3
3411,30,3
3412,30,3
3413,30,3
3414,30,3
3415,30,3
3416,30,3
3417,30,3
3418,30,3
3419,30,3
3420,30,3
3421,30,3
3422,30,3
3423,30,3
3424,30,3
3425,30,3
3426,30,3
3427,30,3
3428,30,3
3429,30,3
3430,30,3
3431,30,3
3432,30,3
3433,30,3
3434,30,3
3435,30,3
3436,30,3
3437,30,3
3438,30,3
3439,30,3
3440,30,3
3441,30,3
3442,30,3
3443,30,3
3444,30,3
3445,55,3
3446,55,3
3447,55,3
3448,55,3
3449,55,3
3450,55,3
3451,55,3
3452,55,3
3453,55,3
3454,55,3
3455,55,3
3456,55,3
3457,55,3
3458,55,3
3459,55,3
3460,55,3
3461,55,3
3462,55,3
3463,55,3
3464,55,3
3465,30,3
3466,30,3
3467,30,3
3468,30,3
3469,30,3
3470,30,3
3471,30,3
3472,30,3
3473,30,3
3474,30,3
3475,30,3
3476,30,3
3477,30,3
3478,30,3
3479,30,3
3480,30,3
3481,30,3
3482,30,3
3483,30,3
3484,30,3
3485,55,3
3486,55,3
3487,55,3
3488,55,3
3489,55,3
3490,55,3
3491,55,3
3492,55,3
3493,55,3
3494,55,3
3495,55,3
3496,55,3
3497,55,3
3498,55,3
3499,55,3
3500,55,3
3501,55,3
3502,55,3
3503,55,3
3504,30,3
3505,30,3
3506,30,3
3507,30,3
3508,30,3
3509,30,3
3510,30,3
3511,30,3
3512,30,3
3513,30,3
3514,30,3
3515,30,3
3516,30,3
3517,30,3
3518,30,3
3519,30,3
3520,30,3
3521,30,3
3522,30,3
3523,30,3
3524,80,3
3525,80,3
3526,80,3
3527,80,3
3528,80,3
3529,80,3
3530,80,3
3531,80,3
3532,80,3
3533,80,3
3534,80,3
3535,80,3
3536,80,3
3537,80,3
3538,80,3
3539,80,3
3540,80,3
3541,80,3
3542,80,3
3543,80,3
3544,55,3
3545,55,3
3546,55,3
3547,55,3
3548,55,3
3549,55,3
3550,55,3
3551,55,3
3552,55,3
3553,55,3
3554,55,3
3555,55,3
3556,55,3
3557,55,3
3558,55,3
3559,55,3
3560,55,3
3561,55,3
3562,55,3
3563,30,3
3564,30,3
3565,30,3
3566,30,3
3567,30,3
3568,30,3
3569,30,3
3570,30,3
3571,30,3
3572,30,3
3573,30,3
3574,30,3
3575,30,3
3576,30,3
3577,30,3
3578,30,3
3579,30,3
3580,30,3
3581,30,3
3582,30,3
3583,55,3
3584,55,3
3585,55,3
3586,55,3
3587,55,3
3588,55,3
3589,55,3
3590,55,3
3591,55,3
3592,55,3
3593,55,3
3594,55,3
3595,55,3
3596,55,3
3597,55,3
3598,55,3
3599,55,3
3600,55,3
3601,55,3
3602,55,3
3603,55,3
3604,55,3
3605,55,3
3606,55,3
3607,55,3
3608,55,3
3609,55,3
3610,55,3
3611,55,3
3612,55,3
3613,55,3
3614,55,3
3615,55,3
3616,55,3
3617,55,3
3618,55,3
3619,55,3
3620,55,3
3621,55,3
3622,55,3
3623,30,3
3624,30,3
3625,30,3
3626,30,3
3627,30,3
3628,30,3
3629,30,3
3630,30,3
3631,30,3
3632,30,3
3633,30,3
3634,30,3
3635,30,3
3636,30,3
3637,30,3
3638,30,3
3639,30,3
3640,30,3
3641,30,3
3642,30,3
3643,30,3
3644,30,3
3645,30,3
3646,30,3
3647,30,3
3648,30,3
3649,30,3
3650,30,3
3651,30,3
3652,30,3
3653,30,3
3654,30,3
3655,30,3
3656,30,3
3657,30,3
3658,30,3
3659,30,3
3660,30,3
3661,30,3
3662,55,3
3663,55,3
3664,55,3
3665,55,3
3666,55,3
3667,55,3
3668,55,3
3669,55,3
3670,55,3
3671,55,3
3672,55,3
3673,55,3
3674,55,3
3675,55,3
3676,55,3
3677,55,3
3678,55,3
3679,55,3
3680,55,3
3681,55,3
3682,80,3
3683,80,3
3684,80,3
3685,80,3
3686,80,3
3687,80,3
3688,80,3
3689,80,3
3690,80,3
3691,80,3
3692,80,3
3693,80,3
3694,80,3
3695,80,3
3696,80,3
3697,80,3
3698,80,3
3699,80,3
3700,80,3
3701,80,3
3702,30,3
3703,30,3
3704,30,3
3705,30,3
3706,30,3
3707,30,3
3708,30,3
3709,30,3
3710,30,3
3711,30,3
3712,30,3
3713,30,3
3714,30,3
3715,30,3
3716,30,3
3717,30,3
3718,30,3
3719,30,3
3720,30,3
3721,30,3
3722,30,3
3723,30,3
3724,30,3
3725,30,3
3726,30,3
3727,30,3
3728,30,3
3729,30,3
3730,30,3
3731,30,3
3732,30,3
3733,30,3
3734,30,3
3735,30,3
3736,30,3
3737,30,3
3738,30,3
3739,30,3
3740,30,3
3741,30,3
3742,30,3
3743,30,3
3744,30,3
3745,30,3
3746,30,3
3747,30,3
3748,30,3
3749,30,3
3750,30,3
3751,30,3
3752,30,3
3753,30,3
3754,30,3
3755,30,3
3756,30,3
3757,30,3
3758,30,3
3759,30,3
3760,30,3
3761,55,3
3762,55,3
3763,55,3
3764,55,3
3765,55,3
3766,55,3
3767,55,3
3768,55,3
3769,55,3
3770,55,3
3771,55,3
3772,55,3
3773,55,3
3774,55,3
3775,55,3
3776,55,3
3777,55,3
3778,55,3
3779,55,3
3780,55,3
3781,55,3
3782,55,3
3783,55,3
3784,55,3
3785,55,3
3786,55,3
3787,55,3
3788,55,3
3789,55,3
3790,55,3
3791,55,3
3792,55,3
3793,55,3
3794,55,3
3795,55,3
3796,55,3
3797,55,3
3798,55,3
3799,55,3
3800,55,3
3801,30,3
3802,30,3
3803,30,3
3804,30,3
3805,30,3
3806,30,3
3807,30,3
3808,30,3
3809,30,3
3810,30,3
3811,30,3
3812,30,3
3813,30,3
3814,30,3
3815,30,3
3816,30,3
3817,30,3
3818,30,3
3819,30,3
3820,30,3
3821,30,3
3822,30,3
3823,30,3
3824,30,3
3825,30,3
3826,30,3
3827,30,3
3828,30,3
3829,30,3
3830,30,3
3831,30,3
3832,30,3
3833,30,3
3834,30,3
3835,30,3
3836,30,3
3837,30,3
3838,30,3
3839,30,3
3840,30,3
3841,80,3
3842,80,3
3843,80,3
3844,80,3
3845,80,3
3846,80,3
3847,80,3
3848,80,3
3849,80,3
3850,80,3
3851,80,3
3852,80,3
3853,80,3
3854,80,3
3855,80,3
3856,80,3
3857,80,3
3858,80,3
3859,80,3
3860,80,3
3861,80,3
3862,80,3
3863,80,3
3864,80,3
3865,80,3
3866,80,3
3867,80,3
3868,80,3
3869,80,3
3870,80,3
3871,80,3
3872,80,3
3873,80,3
3874,80,3
3875,80,3
3876,80,3
3877,80,3
3878,80,3
3879,80,3
3880,80,3
3881,70,2
3882,70,2
3883,70,2
3884,70,2
3885,70,2
3886,70,2
3887,70,2
3888,70,2
3889,70,2
3890,70,2
3891,70,2
3892,70,2
3893,70,2
3894,70,2
3895,70,2
3896,70,2
3897,70,2
3898,70,2
3899,70,2
3900,80,3
3901,55,3
3902,55,3
3903,55,3
3904,55,3
3905,55,3
3906,55,3
3907,55,3
3908,55,3
3909,55,3
3910,55,3
3911,55,3
3912,55,3
3913,55,3
3914,55,3
3915,55,3
3916,55,3
3917,55,3
3918,55,3
3919,55,3
3920,30,3
3921,30,3
3922,30,3
3923,30,3
3924,30,3
3925,30,3
3926,30,3
3927,30,3
3928,30,3
3929,30,3
3930,30,3
3931,30,3
3932,30,3
3933,30,3
3934,30,3
3935,30,3
3936,30,3
3937,30,3
3938,30,3
3939,30,3
3940,30,3
3941,30,3
3942,30,3
3943,30,3
3944,30,3
3945,30,3
3946,30,3
3947,30,3
3948,30,3
3949,30,3
3950,30,3
3951,30,3
3952,30,3
3953,30,3
3954,30,3
3955,30,3
3956,30,3
3957,30,3
3958,30,3
3959,30,3
3960,30,3
3961,30,3
3962,30,3
3963,30,3
3964,30,3
3965,30,3
3966,30,3
3967,30,3
3968,30,3
3969,30,3
3970,30,3
3971,30,3
3972,30,3
3973,30,3
3974,30,3
3975,30,3
3976,30,3
3977,30,3
3978,30,3
3979,30,3
3980,55,3
3981,55,3
3982,55,3
3983,55,3
3984,55,3
3985,55,3
3986,55,3
3987,55,3
3988,55,3
3989,55,3
3990,55,3
3991,55,3
3992,55,3
3993,55,3
3994,55,3
3995,55,3
3996,55,3
3997,55,3
3998,55,3
3999,30,3
4000,30,3
4001,30,3
4002,30,3
4003,30,3
4004,30,3
4005,30,3
4006,30,3
4007,30,3
4008,30,3
4009,30,3
4010,30,3
4011,30,3
4012,30,3
4013,30,3
4014,30,3
4015,30,3
4016,30,3
4017,30,3
4018,30,3
4019,55,3
4020,55,3
4021,55,3
4022,55,3
4023,55,3
4024,55,3
4025,55,3
4026,55,3
4027,55,3
4028,55,3
4029,55,3
4030,55,3
4031,55,3
4032,55,3
4033,55,3
4034,55,3
4035,55,3
4036,55,3
4037,55,3
4038,55,3
4039,55,3
4040,55,3
4041,55,3
4042,55,3
4043,55,3
4044,55,3
4045,55,3
4046,55,3
4047,55,3
4048,55,3
4049,55,3
4050,55,3
4051,55,3
4052,55,3
4053,55,3
4054,55,3
4055,55,3
4056,55,3
4057,55,3
4058,55,3
4059,55,3
4060,55,3
4061,55,3
4062,55,3
4063,55,3
4064,55,3
4065,55,3
4066,55,3
4067,55,3
4068,55,3
4069,55,3
4070,55,3
4071,55,3
4072,55,3
4073,55,3
4074,55,3
4075,55,3
4076,55,3
4077,55,3
4078,55,3
4079,30,3
4080,30,3
4081,30,3
4082,30,3
4083,30,3
4084,30,3
4085,30,3
4086,30,3
4087,30,3
4088,30,3
4089,30,3
4090,30,3
4091,30,3
4092,30,3
4093,30,3
4094,30,3
4095,30,3
4096,30,3
4097,30,3
4098,55,3
4099,55,3
4100,55,3
4101,55,3
4102,55,3
4103,55,3
4104,55,3
4105,55,3
4106,55,3
4107,55,3
4108,55,3
4109,55,3
4110,55,3
4111,55,3
4112,55,3
4113,55,3
4114,55,3
4115,55,3
4116,55,3
4117,55,3
4118,30,3
4119,30,3
4120,30,3
4121,30,3
4122,30,3
4123,30,3
4124,30,3
4125,30,3
4126,30,3
4127,30,3
4128,30,3
4129,30,3
4130,30,3
4131,30,3
4132,30,3
4133,30,3
4134,30,3
4135,30,3
4136,30,3
4137,30,3
4138,30,3
4139,30,3
4140,30,3
4141,30,3
4142,30,3
4143,30,3
4144,30,3
4145,30,3
4146,30,3
4147,30,3
4148,30,3
4149,30,3
4150,30,3
4151,30,3
4152,30,3
4153,30,3
4154,30,3
4155,30,3
4156,30,3
4157,30,3
4158,55,3
4159,55,3
4160,55,3
4161,55,3
4162,55,3
4163,55,3
4164,55,3
4165,55,3
4166,55,3
4167,55,3
4168,55,3
4169,55,3
4170,55,3
4171,55,3
4172,55,3
4173,55,3
4174,55,3
4175,55,3
4176,55,3
4177,55,3
4178,80,3
4179,80,3
4180,80,3
4181,80,3
4182,80,3
4183,80,3
4184,80,3
4185,80,3
4186,80,3
4187,80,3
4188,80,3
4189,80,3
4190,80,3
4191,80,3
4192,80,3
4193,80,3
4194,80,3
4195,80,3
4196,80,3
4197,55,3
4198,55,3
4199,55,3
4200,55,3
4201,55,3
4202,55,3
4203,55,3
4204,55,3
4205,55,3
4206,55,3
4207,55,3
4208,55,3
4209,55,3
4210,55,3
4211,55,3
4212,55,3
4213,55,3
4214,55,3
4215,55,3
4216,55,3
4217,55,3
4218,55,3
4219,55,3
4220,55,3
4221,55,3
4222,55,3
4223,55,3
4224,55,3
4225,55,3
4226,55,3
4227,55,3
4228,55,3
4229,55,3
4230,55,3
4231,55,3
4232,55,3
4233,55,3
4234,55,3
4235,55,3
4236,55,3
4237,55,3
4238,55,3
4239,55,3
4240,55,3
4241,55,3
4242,55,3
4243,55,3
4244,55,3
4245,55,3
4246,55,3
4247,55,3
4248,55,3
4249,55,3
4250,55,3
4251,55,3
4252,55,3
4253,55,3
4254,55,3
4255,55,3
4256,55,3
4257,55,3
4258,55,3
4259,55,3
4260,55,3
4261,55,3
4262,55,3
4263,55,3
4264,55,3
4265,55,3
4266,55,3
4267,55,3
4268,55,3
4269,55,3
4270,55,3
4271,55,3
4272,55,3
4273,55,3
4274,55,3
4275,55,3
4276,55,3
4277,30,3
4278,30,3
4279,30,3
4280,30,3
4281,30,3
4282,30,3
4283,30,3
4284,30,3
4285,30,3
4286,30,3
4287,30,3
4288,30,3
4289,30,3
4290,30,3
4291,30,3
4292,30,3
4293,30,3
4294,30,3
4295,30,3
4296,55,3
4297,55,3
4298,55,3
4299,55,3
4300,55,3
4301,55,3
4302,55,3
4303,55,3
4304,55,3
4305,55,3
4306,55,3
4307,55,3
4308,55,3
4309,55,3
4310,55,3
4311,55,3
4312,55,3
4313,55,3
4314,55,3
4315,55,3
4316,55,3
4317,55,3
4318,55,3
4319,55,3
4320,55,3
4321,55,3
4322,55,3
4323,55,3
4324,55,3
4325,55,3
4326,55,3
4327,55,3
4328,55,3
4329,55,3
4330,55,3
4331,55,3
4332,55,3
4333,55,3
4334,55,3
4335,55,3
4336,55,3
4337,55,3
4338,55,3
4339,55,3
4340,55,3
4341,55,3
4342,55,3
4343,55,3
4344,55,3
4345,55,3
4346,55,3
4347,55,3
4348,55,3
4349,55,3
4350,55,3
4351,55,3
4352,55,3
4353,55,3
4354,55,3
4355,55,3
4356,55,3
4357,55,3
4358,55,3
4359,55,3
4360,55,3
4361,55,3
4362,55,3
4363,55,3
4364,55,3
4365,55,3
4366,55,3
4367,55,3
4368,55,3
4369,55,3
4370,55,3
4371,55,3
4372,55,3
4373,55,3
4374,55,3
4375,55,3
4376,55,3
4377,55,3
4378,55,3
4379,55,3
4380,55,3
4381,55,3
4382,55,3
4383,55,3
4384,55,3
4385,55,3
4386,55,3
4387,55,3
4388,55,3
4389,55,3
4390,55,3
4391,55,3
4392,55,3
4393,55,3
4394,55,3
4395,55,3
4396,30,3
4397,30,3
4398,30,3
4399,30,3
4400,30,3
4401,30,3
4402,30,3
4403,30,3
4404,30,3
4405,30,3
4406,30,3
4407,30,3
4408,30,3
4409,30,3
4410,30,3
4411,30,3
4412,30,3
4413,30,3
4414,30,3
4415,30,3
4416,30,3
4417,30,3
4418,30,3
4419,30,3
4420,30,3
4421,30,3
4422,30,3
4423,30,3
4424,30,3
4425,30,3
4426,30,3
4427,30,3
4428,30,3
4429,30,3
4430,30,3
4431,30,3
4432,30,3
4433,30,3
4434,30,3
4435,80,3
4436,80,3
4437,80,3
4438,80,3
4439,80,3
4440,80,3
4441,80,3
4442,80,3
4443,80,3
4444,80,3
4445,80,3
4446,80,3
4447,80,3
4448,80,3
4449,80,3
4450,80,3
4451,80,3
4452,80,3
4453,80,3
4454,80,3
4455,30,3
4456,30,3
4457,30,3
4458,30,3
4459,30,3
4460,30,3
4461,30,3
4462,30,3
4463,30,3
4464,30,3
4465,30,3
4466,30,3
4467,30,3
4468,30,3
4469,30,3
4470,30,3
4471,30,3
4472,30,3
4473,30,3
4474,30,3
4475,55,3
4476,55,3
4477,55,3
4478,55,3
4479,55,3
4480,55,3
4481,55,3
4482,55,3
4483,55,3
4484,55,3
4485,55,3
4486,55,3
4487,55,3
4488,55,3
4489,55,3
4490,55,3
4491,55,3
4492,55,3
4493,55,3
4494,55,3
4495,30,3
4496,30,3
4497,30,3
4498,30,3
4499,30,3
4500,30,3
4501,30,3
4502,30,3
4503,30,3
4504,30,3
4505,30,3
4506,30,3
4507,30,3
4508,30,3
4509,30,3
4510,30,3
4511,30,3
4512,30,3
4513,30,3
4514,80,3
4515,80,3
4516,80,3
4517,80,3
4518,80,3
4519,80,3
4520,80,3
4521,80,3
4522,80,3
4523,80,3
4524,80,3
4525,80,3
4526,80,3
4527,80,3
4528,80,3
4529,80,3
4530,80,3
4531,80,3
4532,80,3
4533,80,3
4534,30,3
4535,30,3
4536,30,3
4537,30,3
4538,30,3
4539,30,3
4540,30,3
4541,30,3
4542,30,3
4543,30,3
4544,30,3
4545,30,3
4546,30,3
4547,30,3
4548,30,3
4549,30,3
4550,30,3
4551,30,3
4552,30,3
4553,30,3
4554,80,3
4555,80,3
4556,80,3
4557,80,3
4558,80,3
4559,80,3
4560,80,3
4561,80,3
4562,80,3
4563,80,3
4564,80,3
4565,80,3
4566,80,3
4567,80,3
4568,80,3
4569,80,3
4570,80,3
4571,80,3
4572,80,3
4573,80,3
4574,30,3
4575,30,3
4576,30,3
4577,30,3
4578,30,3
4579,30,3
4580,30,3
4581,30,3
4582,30,3
4583,30,3
4584,30,3
4585,30,3
4586,30,3
4587,30,3
4588,30,3
4589,30,3
4590,30,3
4591,30,3
4592,30,3
4593,30,3
4594,30,3
4595,30,3
4596,30,3
4597,30,3
4598,30,3
4599,30,3
4600,30,3
4601,30,3
4602,30,3
4603,30,3
4604,30,3
4605,30,3
4606,30,3
4607,30,3
4608,30,3
4609,30,3
4610,30,3
4611,30,3
4612,30,3
4613,70,2
4614,70,2
4615,70,2
4616,70,2
4617,70,2
4618,70,2
4619,70,2
4620,70,2
4621,70,2
4622,70,2
4623,70,2
4624,70,2
4625,70,2
4626,70,2
4627,70,2
4628,70,2
4629,70,2
4630,70,2
4631,70,2
4632,70,2
4633,55,3
4634,55,3
4635,55,3
4636,55,3
4637,55,3
4638,55,3
4639,55,3
4640,55,3
4641,55,3
4642,55,3
4643,55,3
4644,55,3
4645,55,3
4646,55,3
4647,55,3
4648,55,3
4649,55,3
4650,55,3
4651,55,3
4652,55,3
4653,55,3
4654,55,3
4655,55,3
4656,55,3
4657,55,3
4658,55,3
4659,55,3
4660,55,3
4661,55,3
4662,55,3
4663,55,3
4664,55,3
4665,55,3
4666,55,3
4667,55,3
4668,55,3
4669,55,3
4670,55,3
4671,55,3
4672,55,3
4673,30,3
4674,30,3
4675,30,3
4676,30,3
4677,30,3
4678,30,3
4679,30,3
4680,30,3
4681,30,3
4682,30,3
4683,30,3
4684,30,3
4685,30,3
4686,30,3
4687,30,3
4688,30,3
4689,30,3
4690,30,3
4691,30,3
4692,30,3
4693,30,3
4694,30,3
4695,30,3
4696,30,3
4697,30,3
4698,30,3
4699,30,3
4700,30,3
4701,30,3
4702,30,3
4703,30,3
4704,30,3
4705,30,3
4706,30,3
4707,30,3
4708,30,3
4709,30,3
4710,30,3
4711,30,3
4712,30,3
4713,30,3
4714,30,3
4715,30,3
4716,30,3
4717,30,3
4718,30,3
4719,30,3
4720,30,3
4721,30,3
4722,30,3
4723,30,3
4724,30,3
4725,30,3
4726,30,3
4727,30,3
4728,30,3
4729,30,3
4730,30,3
4731,30,3
4732,30,3
4733,30,3
4734,30,3
4735,30,3
4736,30,3
4737,30,3
4738,30,3
4739,30,3
4740,30,3
4741,30,3
4742,30,3
4743,30,3
4744,30,3
4745,30,3
4746,30,3
4747,30,3
4748,30,3
4749,30,3
4750,30,3
4751,30,3
4752,30,3
4753,30,3
4754,30,3
4755,30,3
4756,30,3
4757,30,3
4758,30,3
4759,30,3
4760,30,3
4761,30,3
4762,30,3
4763,30,3
4764,30,3
4765,30,3
4766,30,3
4767,30,3
4768,30,3
4769,30,3
4770,30,3
4771,30,3
4772,55,3
4773,55,3
4774,55,3
4775,55,3
4776,55,3
4777,55,3
4778,55,3
4779,55,3
4780,55,3
4781,55,3
4782,55,3
4783,55,3
4784,55,3
4785,55,3
4786,55,3
4787,55,3
4788,55,3
4789,55,3
4790,55,3
4791,55,3
4792,55,3
4793,55,3
4794,55,3
4795,55,3
4796,55,3
4797,55,3
4798,55,3
4799,55,3
4800,55,3
4801,55,3
4802,55,3
4803,55,3
4804,55,3
4805,55,3
4806,55,3
4807,55,3
4808,55,3
4809,55,3
4810,55,3
4811,55,3
4812,55,3
4813,55,3
4814,55,3
4815,55,3
4816,55,3
4817,55,3
4818,55,3
4819,55,3
4820,55,3
4821,55,3
4822,55,3
4823,55,3
4824,55,3
4825,55,3
4826,55,3
4827,55,3
4828,55,3
4829,55,3
4830,55,3
4831,55,3
4832,55,3
4833,55,3
4834,55,3
4835,55,3
4836,55,3
4837,55,3
4838,55,3
4839,55,3
4840,55,3
4841,55,3
4842,55,3
4843,55,3
4844,55,3
4845,55,3
4846,55,3
4847,55,3
4848,55,3
4849,55,3
4850,55,3
4851,55,3
4852,55,3
4853,55,3
4854,55,3
4855,55,3
4856,55,3
4857,55,3
4858,55,3
4859,55,3
4860,55,3
4861,55,3
4862,55,3
4863,55,3
4864,55,3
4865,55,3
4866,55,3
4867,55,3
4868,55,3
4869,55,3
4870,55,3
4871,55,3
4872,55,3
4873,55,3
4874,55,3
4875,55,3
4876,55,3
4877,55,3
4878,55,3
4879,55,3
4880,55,3
4881,55,3
4882,55,3
4883,55,3
4884,55,3
4885,55,3
4886,55,3
4887,55,3
4888,55,3
4889,80,3
4890,80,3
4891,80,3
4892,80,3
4893,80,3
4894,80,3
4895,80,3
4896,80,3
4897,80,3
4898,80,3
4899,80,3
4900,80,3
4901,80,3
4902,80,3
4903,80,3
4904,80,3
4905,80,3
4906,80,3
4907,80,3
4908,55,3
4909,55,3
4910,55,3
4911,55,3
4912,55,3
4913,55,3
4914,55,3
4915,55,3
4916,55,3
4917,55,3
4918,55,3
4919,55,3
4920,55,3
4921,55,3
4922,55,3
4923,55,3
4924,55,3
4925,55,3
4926,55,3
4927,55,3
4928,80,3
4929,80,3
4930,80,3
4931,80,3
4932,80,3
4933,80,3
4934,80,3
4935,80,3
4936,80,3
4937,80,3
4938,80,3
4939,80,3
4940,80,3
4941,80,3
4942,80,3
4943,80,3
4944,80,3
4945,80,3
4946,80,3
4947,80,3
4948,55,3
4949,55,3
4950,55,3
4951,55,3
4952,55,3
4953,55,3
4954,55,3
4955,55,3
4956,55,3
4957,55,3
4958,55,3
4959,55,3
4960,55,3
4961,55,3
4962,55,3
4963,55,3
4964,55,3
4965,55,3
4966,55,3
4967,30,3
4968,55,3
4969,55,3
4970,55,3
4971,55,3
4972,55,3
4973,55,3
4974,55,3
4975,55,3
4976,55,3
4977,55,3
4978,55,3
4979,55,3
4980,55,3
4981,55,3
4982,55,3
4983,55,3
4984,55,3
4985,55,3
4986,55,3
4987,30,3
4988,30,3
4989,30,3
4990,30,3
4991,30,3
4992,30,3
4993,30,3
4994,30,3
4995,30,3
4996,30,3
4997,30,3
4998,30,3
4999,30,3
5000,30,3
5001,30,3
5002,30,3
5003,30,3
5004,30,3
5005,30,3
5006,30,3
5007,55,3
5008,55,3
5009,55,3
5010,55,3
5011,55,3
5012,55,3
5013,55,3
5014,55,3
5015,55,3
5016,55,3
5017,55,3
5018,55,3
5019,55,3
5020,55,3
5021,55,3
5022,55,3
5023,55,3
5024,55,3
5025,55,3
5026,55,3
5027,30,3
5028,30,3
5029,30,3
5030,30,3
5031,30,3
5032,30,3
5033,30,3
5034,30,3
5035,30,3
5036,30,3
5037,30,3
5038,30,3
5039,30,3
5040,30,3
5041,30,3
5042,30,3
5043,30,3
5044,30,3
5045,30,3
5046,30,3
5047,55,3
5048,55,3
5049,55,3
5050,55,3
5051,55,3
5052,55,3
5053,55,3
5054,55,3
5055,55,3
5056,55,3
5057,55,3
5058,55,3
5059,55,3
5060,55,3
5061,55,3
5062,55,3
5063,55,3
5064,55,3
5065,55,3
5066,30,3
5067,30,3
5068,30,3
5069,30,3
5070,30,3
5071,30,3
5072,30,3
5073,30,3
5074,30,3
5075,30,3
5076,30,3
5077,30,3
5078,30,3
5079,30,3
5080,30,3
5081,30,3
5082,30,3
5083,30,3
5084,30,3
5085,30,3
5086,55,3
5087,55,3
5088,55,3
5089,55,3
5090,55,3
5091,55,3
5092,55,3
5093,55,3
5094,55,3
5095,55,3
5096,55,3
5097,55,3
5098,55,3
5099,55,3
5100,55,3
5101,55,3
5102,55,3
5103,55,3
5104,55,3
5105,55,3
5106,55,3
5107,55,3
5108,55,3
5109,55,3
5110,55,3
5111,55,3
5112,55,3
5113,55,3
5114,55,3
5115,55,3
5116,55,3
5117,55,3
5118,55,3
5119,55,3
5120,55,3
5121,55,3
5122,55,3
5123,55,3
5124,55,3
5125,55,3
5126,55,3
5127,55,3
5128,55,3
5129,55,3
5130,55,3
5131,55,3
5132,55,3
5133,55,3
5134,55,3
5135,55,3
5136,55,3
5137,55,3
5138,55,3
5139,55,3
5140,55,3
5141,55,3
5142,55,3
5143,55,3
5144,30,3
5145,30,3
5146,30,3
5147,30,3
5148,30,3
5149,30,3
5150,30,3
5151,30,3
5152,30,3
5153,30,3
5154,30,3
5155,30,3
5156,30,3
5157,30,3
5158,30,3
5159,30,3
5160,30,3
5161,30,3
5162,30,3
5163,30,3
5164,30,3
5165,30,3
5166,30,3
5167,30,3
5168,30,3
5169,30,3
5170,30,3
5171,30,3
5172,30,3
5173,30,3
5174,30,3
5175,30,3
5176,30,3
5177,30,3
5178,30,3
5179,30,3
5180,30,3
5181,30,3
5182,30,3
5183,30,3
5184,30,3
5185,55,3
5186,55,3
5187,55,3
5188,55,3
5189,55,3
5190,55,3
5191,55,3
5192,55,3
5193,55,3
5194,55,3
5195,55,3
5196,55,3
5197,55,3
5198,55,3
5199,55,3
5200,55,3
5201,55,3
5202,55,3
5203,55,3
5204,55,3
5205,55,3
5206,55,3
5207,55,3
5208,55,3
5209,55,3
5210,55,3
5211,55,3
5212,55,3
5213,55,3
5214,55,3
5215,55,3
5216,55,3
5217,55,3
5218,55,3
5219,55,3
5220,55,3
5221,55,3
5222,55,3
5223,55,3
5224,80,3
5225,80,3
5226,80,3
5227,80,3
5228,80,3
5229,80,3
5230,80,3
5231,80,3
5232,80,3
5233,80,3
5234,80,3
5235,80,3
5236,80,3
5237,80,3
5238,80,3
5239,80,3
5240,80,3
5241,80,3
5242,80,3
5243,70,2
5244,70,2
5245,70,2
5246,70,2
5247,70,2
5248,70,2
5249,70,2
5250,70,2
5251,70,2
5252,70,2
5253,70,2
5254,70,2
5255,70,2
5256,70,2
5257,70,2
5258,70,2
5259,70,2
5260,70,2
5261,70,2
5262,70,2
5263,70,2
5264,55,3
5265,55,3
5266,55,3
5267,55,3
5268,55,3
5269,55,3
5270,55,3
5271,55,3
5272,55,3
5273,55,3
5274,55,3
5275,55,3
5276,55,3
5277,55,3
5278,55,3
5279,55,3
5280,55,3
5281,55,3
5282,55,3
5283,55,3
5284,80,3
5285,80,3
5286,80,3
5287,80,3
5288,80,3
5289,80,3
5290,80,3
5291,80,3
5292,80,3
5293,80,3
5294,80,3
5295,80,3
5296,80,3
5297,80,3
5298,80,3
5299,80,3
5300,80,3
5301,80,3
5302,80,3
5303,55,3
5304,55,3
5305,55,3
5306,55,3
5307,55,3
5308,55,3
5309,55,3
5310,55,3
5311,55,3
5312,55,3
5313,55,3
5314,55,3
5315,55,3
5316,55,3
5317,55,3
5318,55,3
5319,55,3
5320,55,3
5321,55,3
5322,55,3
5323,80,3
5324,55,3
5325,55,3
5326,55,3
5327,55,3
5328,55,3
5329,55,3
5330,55,3
5331,55,3
5332,55,3
5333,55,3
5334,55,3
5335,55,3
5336,55,3
5337,55,3
5338,55,3
5339,55,3
5340,55,3
5341,55,3
5342,55,3
5343,55,3
5344,55,3
5345,55,3
5346,55,3
5347,55,3
5348,55,3
5349,55,3
5350,55,3
5351,55,3
5352,55,3
5353,55,3
5354,55,3
5355,55,3
5356,55,3
5357,55,3
5358,55,3
5359,55,3
5360,55,3
5361,55,3
5362,30,3
5363,30,3
5364,30,3
5365,30,3
5366,30,3
5367,30,3
5368,30,3
5369,30,3
5370,30,3
5371,30,3
5372,30,3
5373,30,3
5374,30,3
5375,30,3
5376,30,3
5377,30,3
5378,30,3
5379,30,3
5380,30,3
5381,30,3
5382,30,3
5383,30,3
5384,30,3
5385,30,3
5386,30,3
5387,30,3
5388,30,3
5389,30,3
5390,30,3
5391,30,3
5392,30,3
5393,30,3
5394,30,3
5395,30,3
5396,30,3
5397,30,3
5398,30,3
5399,30,3
5400,30,3
5401,30,3
5402,80,3
5403,80,3
5404,80,3
5405,80,3
5406,80,3
5407,80,3
5408,80,3
5409,80,3
5410,80,3
5411,80,3
5412,80,3
5413,80,3
5414,80,3
5415,80,3
5416,80,3
5417,80,3
5418,80,3
5419,80,3
5420,80,3
5421,80,3
5422,30,3
5423,30,3
5424,30,3
5425,30,3
5426,30,3
5427,30,3
5428,30,3
5429,30,3
5430,30,3
5431,30,3
5432,30,3
5433,30,3
5434,30,3
5435,30,3
5436,30,3
5437,30,3
5438,30,3
5439,30,3
5440,30,3
5441,30,3
5442,55,3
5443,55,3
5444,55,3
5445,55,3
5446,55,3
5447,55,3
5448,55,3
5449,55,3
5450,55,3
5451,55,3
5452,55,3
5453,55,3
5454,55,3
5455,55,3
5456,55,3
5457,55,3
5458,55,3
5459,55,3
5460,55,3
5461,80,3
5462,55,3
5463,55,3
5464,55,3
5465,55,3
5466,55,3
5467,55,3
5468,55,3
5469,55,3
5470,55,3
5471,55,3
5472,55,3
5473,55,3
5474,55,3
5475,55,3
5476,55,3
5477,55,3
5478,55,3
5479,55,3
5480,55,3
5481,30,3
5482,55,3
5483,55,3
5484,55,3
5485,55,3
5486,55,3
5487,55,3
5488,55,3
5489,55,3
5490,55,3
5491,55,3
5492,55,3
5493,55,3
5494,55,3
5495,55,3
5496,55,3
5497,55,3
5498,55,3
5499,55,3
5500,55,3
5501,70,2
5502,80,3
5503,80,3
5504,80,3
5505,80,3
5506,80,3
5507,80,3
5508,80,3
5509,80,3
5510,80,3
5511,80,3
5512,80,3
5513,80,3
5514,80,3
5515,80,3
5516,80,3
5517,80,3
5518,80,3
5519,80,3
5520,80,3
5521,55,3
5522,55,3
5523,55,3
5524,55,3
5525,55,3
5526,55,3
5527,55,3
5528,55,3
5529,55,3
5530,55,3
5531,55,3
5532,55,3
5533,55,3
5534,55,3
5535,55,3
5536,55,3
5537,55,3
5538,55,3
5539,55,3
5540,30,3
5541,30,3
5542,30,3
5543,30,3
5544,30,3
5545,30,3
5546,30,3
5547,30,3
5548,30,3
5549,30,3
5550,30,3
5551,30,3
5552,30,3
5553,30,3
5554,30,3
5555,30,3
5556,30,3
5557,30,3
5558,30,3
5559,30,3
5560,80,3
5561,80,3
5562,80,3
5563,80,3
5564,80,3
5565,80,3
5566,80,3
5567,80,3
5568,80,3
5569,80,3
5570,80,3
5571,80,3
5572,80,3
5573,80,3
5574,80,3
5575,80,3
5576,80,3
5577,80,3
5578,80,3
5579,80,3
5580,30,3
5581,30,3
5582,30,3
5583,30,3
5584,30,3
5585,30,3
5586,30,3
5587,30,3
5588,30,3
5589,30,3
5590,30,3
5591,30,3
5592,30,3
5593,30,3
5594,30,3
5595,30,3
5596,30,3
5597,30,3
5598,30,3
5599,30,3
5600,30,3
5601,30,3
5602,30,3
5603,30,3
5604,30,3
5605,30,3
5606,30,3
5607,30,3
5608,30,3
5609,30,3
5610,30,3
5611,30,3
5612,30,3
5613,30,3
5614,30,3
5615,30,3
5616,30,3
5617,30,3
5618,30,3
5619,30,3
5620,30,3
5621,30,3
5622,30,3
5623,30,3
5624,30,3
5625,30,3
5626,30,3
5627,30,3
5628,30,3
5629,30,3
5630,30,3
5631,30,3
5632,30,3
5633,30,3
5634,30,3
5635,30,3
5636,30,3
5637,30,3
5638,55,3
5639,55,3
5640,55,3
5641,55,3
5642,55,3
5643,55,3
5644,55,3
5645,55,3
5646,55,3
5647,55,3
5648,55,3
5649,55,3
5650,55,3
5651,55,3
5652,55,3
5653,55,3
5654,55,3
5655,55,3
5656,55,3
5657,55,3
5658,55,3
5659,55,3
5660,55,3
5661,55,3
5662,55,3
5663,55,3
5664,55,3
5665,55,3
5666,55,3
5667,55,3
5668,55,3
5669,55,3
5670,55,3
5671,55,3
5672,55,3
5673,55,3
5674,55,3
5675,55,3
5676,55,3
5677,55,3
5678,30,3
5679,30,3
5680,30,3
5681,30,3
5682,30,3
5683,30,3
5684,30,3
5685,30,3
5686,30,3
5687,30,3
5688,30,3
5689,30,3
5690,30,3
5691,30,3
5692,30,3
5693,30,3
5694,30,3
5695,30,3
5696,30,3
5697,30,3
5698,55,3
5699,55,3
5700,55,3
5701,55,3
5702,55,3
5703,55,3
5704,55,3
5705,55,3
5706,55,3
5707,55,3
5708,55,3
5709,55,3
5710,55,3
5711,55,3
5712,55,3
5713,55,3
5714,55,3
5715,55,3
5716,55,3
5717,30,3
5718,55,3
5719,55,3
5720,55,3
5721,55,3
5722,55,3
5723,55,3
5724,55,3
5725,55,3
5726,55,3
5727,55,3
5728,55,3
5729,55,3
5730,55,3
5731,55,3
5732,55,3
5733,55,3
5734,55,3
5735,55,3
5736,55,3
5737,80,3
5738,55,3
5739,55,3
5740,55,3
5741,55,3
5742,55,3
5743,55,3
5744,55,3
5745,55,3
5746,55,3
5747,55,3
5748,55,3
5749,55,3
5750,55,3
5751,55,3
5752,55,3
5753,55,3
5754,55,3
5755,55,3
5756,55,3
5757,20,2
5758,0,0
